股票代码,股票名称,序号,标题,爬取时间
600036,招商银行,,招商银行：关于董事任职资格核准的公告,
600036,招商银行,,招商银行董事邓仁杰任职资格获批,
600036,招商银行,,招商银行：邓仁杰董事任职资格获核准,
600036,招商银行,,招商银行：邓仁杰董事任职资格获核准,
600036,招商银行,,招商银行：邓仁杰董事任职资格获核准,
600036,招商银行,,内银股延续涨势 招商银行(03968.HK)涨2.88%,
600036,招商银行,,招商银行首席风险官钟德胜辞任,
600036,招商银行,,招商银行领涨，银行AH优选ETF站上20均线，险资Q3大举增持银行股,
600036,招商银行,,招商银行：2025年前三季度实现净利润1137.72亿元 同比增长0.52%,
600036,招商银行,,招商银行 首席风险官变更！,
000858,五粮液,,宜宾纸业：公司和股东五粮液旗下其他包装印刷公司不存在同业竞争的问题,
000858,五粮液,,宁德时代与宜宾市政府、五粮液、四川资源集团分别签署合作协议,
000858,五粮液,,五粮液等企业与中国国际展览中心集团有限公司签署协议,
000858,五粮液,,五粮液亮相2025年《财富》中国500强峰会 为全球商业对话注入和美活力,
000858,五粮液,,八赴“进博之约” 五粮液以和美创新绘就开放共融新图景,
000858,五粮液,,五粮液深化全球市场布局 升级文化体验 拓展合作空间,
000858,五粮液,,五粮液·一见倾心60天卖1个亿！白酒巨头何以征服年轻人？,
000858,五粮液,,国家统计局：今年10月酒价同比下滑2%；五粮液：着眼长远发展，持续加大分红回报股东丨酒业早参,
000858,五粮液,,五粮液集团旗下成都建设投资公司注册资本增至26.07亿元,
000858,五粮液,,五粮液与博鳌亚洲论坛续签战略合作 秉“和美”智慧共赴国际化新篇,
300750,宁德时代,,宁德时代 突发公告,
300750,宁德时代,,宁德时代旗下公司入股氢鸾科技,
300750,宁德时代,,宁德时代股东拟百亿级减持！所得资金或投向储能赛道,
300750,宁德时代,,宁德时代在上海成立新能源公司,
300750,宁德时代,,宁德时代第三大股东黄世霖拟询价转让1%股份,
300750,宁德时代,,百亿级减持！宁德时代创始股东黄世霖拟询价转让,
300750,宁德时代,,宁德时代A、H股走高,
300750,宁德时代,,行业观察 | 固态电池风口之下，为何宁德时代等巨头却重提液态电池？,
300750,宁德时代,,摩根大通建议买入宁德时代A股 卖出其H股,
300750,宁德时代,,宁德时代：股东黄世霖拟询价转让公司股份4563.24万股,
601899,紫金矿业,,佛塑科技与紫金矿业携手投建硫化锂中试平台,
601899,紫金矿业,,佛塑科技：拟联手紫金矿业等公司1.13亿元投建电池级硫化锂项目,
601899,紫金矿业,,14亿增资黄金公司 龙岩富豪姚雄杰欲效仿紫金矿业？,
601899,紫金矿业,,紫金矿业、海尔智家、浦发银行等高层热议跨境并购,
601899,紫金矿业,,紫金矿业“小伙伴”，巨胎行业龙头今日申购丨打新早知道,
601899,紫金矿业,,大宗交易：机构账户卖出紫金矿业1.07亿元（11-11）,
601899,紫金矿业,,紫金矿业大宗交易成交1.81亿元,
601899,紫金矿业,,紫金矿业11月11日大宗交易成交1.07亿元,
601899,紫金矿业,,紫金矿业今日大宗交易平价成交360万股，成交额1.07亿元,
601899,紫金矿业,,大宗交易：机构账户卖出紫金矿业1.81亿元（11-10）,
